-- SQL Dump generated by export-mysql-dump.js
-- Database: mysql://root:SQBO01@localhost:3306/if0_40532276_atelier

DROP TABLE IF EXISTS `_prisma_migrations`;
CREATE TABLE `_prisma_migrations` (
  `id` varchar(255) NOT NULL,
  `checksum` longtext NOT NULL,
  `finished_at` datetime DEFAULT NULL,
  `migration_name` longtext NOT NULL,
  `logs` longtext,
  `rolled_back_at` datetime DEFAULT NULL,
  `started_at` datetime NOT NULL,
  `applied_steps_count` int NOT NULL,
  PRIMARY KEY (`id`)
) ENGINE=InnoDB DEFAULT CHARSET=utf8mb4 COLLATE=utf8mb4_0900_ai_ci;

INSERT INTO `_prisma_migrations` (`id`, `checksum`, `finished_at`, `migration_name`, `logs`, `rolled_back_at`, `started_at`, `applied_steps_count`) VALUES ('0e0ebd4d-6577-491d-a991-b831c6300648', 'c05719a96711259cac0e9bf53d63ddadc6c104e3aa4eb414c5cf08cef893a1ad', 'Wed Nov 19 2025 08:58:32 GMT+0300 (East Africa Time)', '20251116203834_init', NULL, NULL, 'Wed Nov 19 2025 08:58:32 GMT+0300 (East Africa Time)', 1);
INSERT INTO `_prisma_migrations` (`id`, `checksum`, `finished_at`, `migration_name`, `logs`, `rolled_back_at`, `started_at`, `applied_steps_count`) VALUES ('49650011-556a-467c-9fc3-92ade6981b02', '915915b0a85812b5957f2a640fa40365c7be8f5df1350d4012b35ffe9d03938f', 'Wed Nov 19 2025 09:38:09 GMT+0300 (East Africa Time)', '20251119093809_add_app_setting', NULL, NULL, 'Wed Nov 19 2025 09:38:09 GMT+0300 (East Africa Time)', 1);
INSERT INTO `_prisma_migrations` (`id`, `checksum`, `finished_at`, `migration_name`, `logs`, `rolled_back_at`, `started_at`, `applied_steps_count`) VALUES ('62097357-1647-4f4a-a6d1-db630dc869ac', '203e56c874a20054af7bdae38f1c56924776740e7b5de79a5218f032c02e9bb1', 'Sun Nov 23 2025 20:43:35 GMT+0300 (East Africa Time)', '20251123204335_add_footer_color', NULL, NULL, 'Sun Nov 23 2025 20:43:35 GMT+0300 (East Africa Time)', 1);
INSERT INTO `_prisma_migrations` (`id`, `checksum`, `finished_at`, `migration_name`, `logs`, `rolled_back_at`, `started_at`, `applied_steps_count`) VALUES ('b66b9845-6377-4eb0-a1bd-e325d1110cbc', 'bbc7f535967138b7d106f87e63aef0413fe613bb2498a917c1f0783a88555841', 'Wed Nov 19 2025 10:35:03 GMT+0300 (East Africa Time)', '20251119103503_add_student_instructor_and_attachment_fields', NULL, NULL, 'Wed Nov 19 2025 10:35:03 GMT+0300 (East Africa Time)', 1);
INSERT INTO `_prisma_migrations` (`id`, `checksum`, `finished_at`, `migration_name`, `logs`, `rolled_back_at`, `started_at`, `applied_steps_count`) VALUES ('ea862cc0-593d-407b-8c8c-07b34ae34b9e', '5aa9b42afb5603bb2b18fd0305f4fbe23102cd4270a26af6009d5085a237f3c4', 'Wed Nov 19 2025 09:32:41 GMT+0300 (East Africa Time)', '20251119093241_add_login_screen_images', NULL, NULL, 'Wed Nov 19 2025 09:32:41 GMT+0300 (East Africa Time)', 1);

DROP TABLE IF EXISTS `appsetting`;
CREATE TABLE `appsetting` (
  `id` varchar(255) NOT NULL,
  `name` longtext NOT NULL,
  `logoUrl` longtext,
  `createdAt` datetime NOT NULL,
  `updatedAt` datetime NOT NULL,
  `footerText` longtext,
  `themePrimaryColor` longtext,
  `footerColor` longtext,
  PRIMARY KEY (`id`)
) ENGINE=InnoDB DEFAULT CHARSET=utf8mb4 COLLATE=utf8mb4_0900_ai_ci;

INSERT INTO `appsetting` (`id`, `name`, `logoUrl`, `createdAt`, `updatedAt`, `footerText`, `themePrimaryColor`, `footerColor`) VALUES ('cmi5taokv0000b7mkm0go25o6', 'Atelier EDU Assignment Submission Portal.', '/uploads/logos/1763802518161-379249640.png', 'Wed Nov 19 2025 09:40:30 GMT+0300 (East Africa Time)', 'Thu Nov 27 2025 05:16:52 GMT+0300 (East Africa Time)', '© 2025 Atelier Tailoring College | Empowering Education Through Technology. All Rights Reserved.', '#0c0448', '#2f0183');

DROP TABLE IF EXISTS `assignment`;
CREATE TABLE `assignment` (
  `id` varchar(255) NOT NULL,
  `title` longtext NOT NULL,
  `description` longtext NOT NULL,
  `dueDate` datetime NOT NULL,
  `instructorId` longtext NOT NULL,
  `createdAt` datetime NOT NULL,
  `updatedAt` datetime NOT NULL,
  `attachmentUrl` longtext,
  PRIMARY KEY (`id`)
) ENGINE=InnoDB DEFAULT CHARSET=utf8mb4 COLLATE=utf8mb4_0900_ai_ci;

INSERT INTO `assignment` (`id`, `title`, `description`, `dueDate`, `instructorId`, `createdAt`, `updatedAt`, `attachmentUrl`) VALUES ('cmi5tyz9x0003b70n8qsns7it', 'Intro to Algorithms: Big-O Analysis', 'Assignment for Intro to Algorithms: Big-O Analysis. Please follow the instructions provided in class and submit before the due date.', 'Wed Nov 26 2025 09:59:23 GMT+0300 (East Africa Time)', 'cmi5tyz9p0000b70nj26etvru', 'Wed Nov 19 2025 09:59:23 GMT+0300 (East Africa Time)', 'Wed Nov 19 2025 09:59:23 GMT+0300 (East Africa Time)', NULL);
INSERT INTO `assignment` (`id`, `title`, `description`, `dueDate`, `instructorId`, `createdAt`, `updatedAt`, `attachmentUrl`) VALUES ('cmi5tyz9y0005b70nf3di0k1m', 'Data Structures: Implement a Linked List', 'Assignment for Data Structures: Implement a Linked List. Please follow the instructions provided in class and submit before the due date.', 'Wed Nov 26 2025 09:59:23 GMT+0300 (East Africa Time)', 'cmi5tyz9p0000b70nj26etvru', 'Wed Nov 19 2025 09:59:23 GMT+0300 (East Africa Time)', 'Wed Nov 19 2025 09:59:23 GMT+0300 (East Africa Time)', NULL);
INSERT INTO `assignment` (`id`, `title`, `description`, `dueDate`, `instructorId`, `createdAt`, `updatedAt`, `attachmentUrl`) VALUES ('cmi5tyz9z0007b70nimbukj6a', 'Operating Systems: Process Scheduling Report', 'Assignment for Operating Systems: Process Scheduling Report. Please follow the instructions provided in class and submit before the due date.', 'Wed Nov 26 2025 09:59:23 GMT+0300 (East Africa Time)', 'cmi5tyz9p0000b70nj26etvru', 'Wed Nov 19 2025 09:59:23 GMT+0300 (East Africa Time)', 'Wed Nov 19 2025 09:59:23 GMT+0300 (East Africa Time)', NULL);
INSERT INTO `assignment` (`id`, `title`, `description`, `dueDate`, `instructorId`, `createdAt`, `updatedAt`, `attachmentUrl`) VALUES ('cmi5tyza10009b70nt3nj7lp7', 'Databases: Design an ER Diagram for a Library', 'Assignment for Databases: Design an ER Diagram for a Library. Please follow the instructions provided in class and submit before the due date.', 'Wed Nov 26 2025 09:59:23 GMT+0300 (East Africa Time)', 'cmi5tyz9p0000b70nj26etvru', 'Wed Nov 19 2025 09:59:23 GMT+0300 (East Africa Time)', 'Wed Nov 19 2025 09:59:23 GMT+0300 (East Africa Time)', NULL);
INSERT INTO `assignment` (`id`, `title`, `description`, `dueDate`, `instructorId`, `createdAt`, `updatedAt`, `attachmentUrl`) VALUES ('cmi5tyza1000bb70nxvykttrs', 'Networks: TCP vs UDP Comparison Essay', 'Assignment for Networks: TCP vs UDP Comparison Essay. Please follow the instructions provided in class and submit before the due date.', 'Wed Nov 26 2025 09:59:23 GMT+0300 (East Africa Time)', 'cmi5tyz9p0000b70nj26etvru', 'Wed Nov 19 2025 09:59:23 GMT+0300 (East Africa Time)', 'Wed Nov 19 2025 09:59:23 GMT+0300 (East Africa Time)', NULL);
INSERT INTO `assignment` (`id`, `title`, `description`, `dueDate`, `instructorId`, `createdAt`, `updatedAt`, `attachmentUrl`) VALUES ('cmi5ugub90002b7rwpzszhm1u', 'home science', 'home sci ', 'Fri Nov 21 2025 00:00:00 GMT+0300 (East Africa Time)', 'cmi5ueqft0000b7rw149whi04', 'Wed Nov 19 2025 10:13:17 GMT+0300 (East Africa Time)', 'Wed Nov 19 2025 10:13:17 GMT+0300 (East Africa Time)', NULL);
INSERT INTO `assignment` (`id`, `title`, `description`, `dueDate`, `instructorId`, `createdAt`, `updatedAt`, `attachmentUrl`) VALUES ('cmibdugzq0003ipf0e6ks558u', 'Discuss network automation in detail. Discuss the N.A.T. concept in detail', 'SECTION A: Short Answer Questions (5 marks each)\r\n1. Define network automation.\r\n2. Give two benefits of implementing network automation in modern networks.\r\n3. What is NAT and why is it important?\r\n4. List the three types of NAT.\r\n5. What is the main difference between NAT and PAT?\r\n6. Mention two tools used in network automation.\r\n7. Give two disadvantages of NAT.\r\n8. State one reason why organizations automate network monitoring.\r\n9. Give one example of a private IP address range.\r\n10. What is the purpose of a NAT table?', 'Sat Nov 29 2025 00:00:00 GMT+0300 (East Africa Time)', 'cmi945x750000ipzgi5b3lot0', 'Sun Nov 23 2025 07:14:36 GMT+0300 (East Africa Time)', 'Sun Nov 23 2025 07:14:36 GMT+0300 (East Africa Time)', NULL);
INSERT INTO `assignment` (`id`, `title`, `description`, `dueDate`, `instructorId`, `createdAt`, `updatedAt`, `attachmentUrl`) VALUES ('cmic0hp5r0001ip6wg7pt4wft', 'Ubuntu OS', 'learn more about Ubuntu OS', 'Sun Nov 30 2025 00:00:00 GMT+0300 (East Africa Time)', 'cmi945x750000ipzgi5b3lot0', 'Sun Nov 23 2025 17:48:32 GMT+0300 (East Africa Time)', 'Wed Nov 26 2025 19:32:40 GMT+0300 (East Africa Time)', '/uploads/assignments/1764185560969_Ubuntu_OS.docx');
INSERT INTO `assignment` (`id`, `title`, `description`, `dueDate`, `instructorId`, `createdAt`, `updatedAt`, `attachmentUrl`) VALUES ('cmic0pgws0005ip6wa63bc6ov', 'answers to assignment II', 'make sure you go through the review', 'Mon Dec 01 2025 00:00:00 GMT+0300 (East Africa Time)', 'cmi945x750000ipzgi5b3lot0', 'Sun Nov 23 2025 17:54:34 GMT+0300 (East Africa Time)', 'Wed Nov 26 2025 19:32:41 GMT+0300 (East Africa Time)', '/uploads/assignments/1764185560992_answers_to_assignment_II.pdf');
INSERT INTO `assignment` (`id`, `title`, `description`, `dueDate`, `instructorId`, `createdAt`, `updatedAt`, `attachmentUrl`) VALUES ('cmic81mgx0001ip4gmntmf6lf', 'Test Assignment via curl', 'Upload test', 'Thu Jan 01 2026 00:00:00 GMT+0300 (East Africa Time)', 'instructor-1', 'Sun Nov 23 2025 21:19:58 GMT+0300 (East Africa Time)', 'Wed Nov 26 2025 19:32:41 GMT+0300 (East Africa Time)', '/uploads/assignments/1764185561014_Test_Assignment_via_curl.docx');
INSERT INTO `assignment` (`id`, `title`, `description`, `dueDate`, `instructorId`, `createdAt`, `updatedAt`, `attachmentUrl`) VALUES ('cmieh1qv80001ipdc5u979kz1', 'Create complete detailed summary notes to prepare for my end of semester exams.', 'TOPIC 1: Routing Concepts\r\nTOPIC 2: OSPF Concepts and Configurations\r\nTOPIC 3: CYBER SECURITY ASSESSMENT TOOLS\r\nTOPIC 5: ACL Concepts\r\nTOPIC 6: Introduction to Cryptography & Network Security\r\nTOPIC 8 WAN Concepts & Network Design\r\nTOPIC 9: VPN & IPsec\r\nVirtualization Techniques & API Integration\r\nVirtualization Techniques & API Integration\r\n', 'Thu Dec 04 2025 00:00:00 GMT+0300 (East Africa Time)', 'cmi5tyz9p0000b70nj26etvru', 'Tue Nov 25 2025 11:07:33 GMT+0300 (East Africa Time)', 'Tue Nov 25 2025 11:07:33 GMT+0300 (East Africa Time)', NULL);
INSERT INTO `assignment` (`id`, `title`, `description`, `dueDate`, `instructorId`, `createdAt`, `updatedAt`, `attachmentUrl`) VALUES ('cmigd0eu20001ip2k7g26xxab', 'introduction to cyber security & course outline', 'make sure to go through the course out line b4 we begin our lesson.', 'Mon Dec 01 2025 00:00:00 GMT+0300 (East Africa Time)', 'cmi945x750000ipzgi5b3lot0', 'Wed Nov 26 2025 18:50:05 GMT+0300 (East Africa Time)', 'Wed Nov 26 2025 19:32:41 GMT+0300 (East Africa Time)', '/uploads/assignments/1764185561036_introduction_to_cyber_security___course_outline.pdf');

DROP TABLE IF EXISTS `loginscreenimage`;
CREATE TABLE `loginscreenimage` (
  `id` varchar(255) NOT NULL,
  `name` longtext NOT NULL,
  `description` longtext,
  `imageUrl` longtext NOT NULL,
  `isActive` tinyint(1) NOT NULL,
  `createdAt` datetime NOT NULL,
  `updatedAt` datetime NOT NULL,
  PRIMARY KEY (`id`)
) ENGINE=InnoDB DEFAULT CHARSET=utf8mb4 COLLATE=utf8mb4_0900_ai_ci;

DROP TABLE IF EXISTS `submission`;
CREATE TABLE `submission` (
  `id` varchar(255) NOT NULL,
  `assignmentId` longtext NOT NULL,
  `studentId` longtext NOT NULL,
  `filePath` longtext NOT NULL,
  `status` longtext NOT NULL,
  `marks` int DEFAULT NULL,
  `feedback` longtext,
  `submittedAt` datetime NOT NULL,
  `gradedAt` datetime DEFAULT NULL,
  `createdAt` datetime NOT NULL,
  `updatedAt` datetime NOT NULL,
  PRIMARY KEY (`id`)
) ENGINE=InnoDB DEFAULT CHARSET=utf8mb4 COLLATE=utf8mb4_0900_ai_ci;

INSERT INTO `submission` (`id`, `assignmentId`, `studentId`, `filePath`, `status`, `marks`, `feedback`, `submittedAt`, `gradedAt`, `createdAt`, `updatedAt`) VALUES ('cmi9yazed0001ip1kjabeheal', 'cmi5ugub90002b7rwpzszhm1u', 'cmi9y9uzb0000iplcd2wyvf7d', '/uploads/submissions/1763795507116_Temp_Student_home_science.txt', 'SUBMITTED', NULL, NULL, 'Sat Nov 22 2025 07:11:47 GMT+0300 (East Africa Time)', NULL, 'Sat Nov 22 2025 07:11:47 GMT+0300 (East Africa Time)', 'Wed Nov 26 2025 19:39:31 GMT+0300 (East Africa Time)');
INSERT INTO `submission` (`id`, `assignmentId`, `studentId`, `filePath`, `status`, `marks`, `feedback`, `submittedAt`, `gradedAt`, `createdAt`, `updatedAt`) VALUES ('cmi9ysbuh0001ip8w8myrwbja', 'cmi5tyza10009b70nt3nj7lp7', 'cmi9xeyvq0008ip9o8vup6ixn', '/uploads/submissions/1763796316401_Bobo_Databases__Design_an_ER_Diagram_for_a_Library.pdf', 'GRADED', 88, 'good', 'Sat Nov 22 2025 07:25:16 GMT+0300 (East Africa Time)', 'Sat Nov 22 2025 07:27:12 GMT+0300 (East Africa Time)', 'Sat Nov 22 2025 07:25:16 GMT+0300 (East Africa Time)', 'Wed Nov 26 2025 19:39:31 GMT+0300 (East Africa Time)');
INSERT INTO `submission` (`id`, `assignmentId`, `studentId`, `filePath`, `status`, `marks`, `feedback`, `submittedAt`, `gradedAt`, `createdAt`, `updatedAt`) VALUES ('cmieh3yvv0005ipdckx2ge05u', 'cmieh1qv80001ipdc5u979kz1', 'cmieh345d0003ipdcjtrfe8ft', '/uploads/submissions/1764068957258_david_Create_complete_detailed_summary_notes_to_prepare_for_my_end_of_semester_exams..pdf', 'GRADED', 86, 'good', 'Tue Nov 25 2025 11:09:17 GMT+0300 (East Africa Time)', 'Tue Nov 25 2025 11:10:02 GMT+0300 (East Africa Time)', 'Tue Nov 25 2025 11:09:17 GMT+0300 (East Africa Time)', 'Wed Nov 26 2025 19:39:31 GMT+0300 (East Africa Time)');
INSERT INTO `submission` (`id`, `assignmentId`, `studentId`, `filePath`, `status`, `marks`, `feedback`, `submittedAt`, `gradedAt`, `createdAt`, `updatedAt`) VALUES ('cmieq0y3e0007ipdcl2v09ucq', 'cmic0pgws0005ip6wa63bc6ov', 'cmic0jt460003ip6wjbjp18gb', '/uploads/submissions/1764083932810_Adolf_answers_to_assignment_II.pdf', 'SUBMITTED', NULL, NULL, 'Tue Nov 25 2025 15:18:52 GMT+0300 (East Africa Time)', NULL, 'Tue Nov 25 2025 15:18:52 GMT+0300 (East Africa Time)', 'Wed Nov 26 2025 19:39:31 GMT+0300 (East Africa Time)');

DROP TABLE IF EXISTS `user`;
CREATE TABLE `user` (
  `id` varchar(255) NOT NULL,
  `name` longtext NOT NULL,
  `email` longtext NOT NULL,
  `password` longtext NOT NULL,
  `role` longtext NOT NULL,
  `createdAt` datetime NOT NULL,
  `updatedAt` datetime NOT NULL,
  `instructorId` longtext,
  PRIMARY KEY (`id`)
) ENGINE=InnoDB DEFAULT CHARSET=utf8mb4 COLLATE=utf8mb4_0900_ai_ci;

INSERT INTO `user` (`id`, `name`, `email`, `password`, `role`, `createdAt`, `updatedAt`, `instructorId`) VALUES ('admin', 'Admin User', 'admin@example.com', 'x', 'ADMIN', 'Sun Nov 23 2025 21:19:45 GMT+0300 (East Africa Time)', 'Sun Nov 23 2025 21:19:45 GMT+0300 (East Africa Time)', NULL);
INSERT INTO `user` (`id`, `name`, `email`, `password`, `role`, `createdAt`, `updatedAt`, `instructorId`) VALUES ('cmi5s961c0000b7pf9uk2u7z8', 'patrick', 'Patrick@patoh.com', '$2y$10$Cp/W0DXXfJwjkno1bnIQue8eUYMQxSwpz.ftW9DQpO7f.nqpJwBqm', 'STUDENT', 'Wed Nov 19 2025 09:11:20 GMT+0300 (East Africa Time)', 'Fri Nov 21 2025 15:34:18 GMT+0300 (East Africa Time)', NULL);
INSERT INTO `user` (`id`, `name`, `email`, `password`, `role`, `createdAt`, `updatedAt`, `instructorId`) VALUES ('cmi5scx480000b7mc9xwqsla5', 'patoh', 'patoh@example.com', '$2y$10$Cp/W0DXXfJwjkno1bnIQue8eUYMQxSwpz.ftW9DQpO7f.nqpJwBqm', 'ADMIN', 'Wed Nov 19 2025 09:14:15 GMT+0300 (East Africa Time)', 'Fri Nov 21 2025 15:34:18 GMT+0300 (East Africa Time)', NULL);
INSERT INTO `user` (`id`, `name`, `email`, `password`, `role`, `createdAt`, `updatedAt`, `instructorId`) VALUES ('cmi5tsctn0000b74bun43ljpm', 'jack', 'kimanijj@gmail.com', '$2y$10$Cp/W0DXXfJwjkno1bnIQue8eUYMQxSwpz.ftW9DQpO7f.nqpJwBqm', 'STUDENT', 'Wed Nov 19 2025 09:54:14 GMT+0300 (East Africa Time)', 'Fri Nov 21 2025 15:34:18 GMT+0300 (East Africa Time)', NULL);
INSERT INTO `user` (`id`, `name`, `email`, `password`, `role`, `createdAt`, `updatedAt`, `instructorId`) VALUES ('cmi5tyz9p0000b70nj26etvru', 'Instructor CompSci', 'instructor@comp-sci.edu', '$2y$10$Cp/W0DXXfJwjkno1bnIQue8eUYMQxSwpz.ftW9DQpO7f.nqpJwBqm', 'INSTRUCTOR', 'Wed Nov 19 2025 09:59:23 GMT+0300 (East Africa Time)', 'Fri Nov 21 2025 15:34:18 GMT+0300 (East Africa Time)', NULL);
INSERT INTO `user` (`id`, `name`, `email`, `password`, `role`, `createdAt`, `updatedAt`, `instructorId`) VALUES ('cmi5tyz9t0001b70nkkoivzrg', 'User A', 'user.a@student.edu', '$2y$10$Cp/W0DXXfJwjkno1bnIQue8eUYMQxSwpz.ftW9DQpO7f.nqpJwBqm', 'STUDENT', 'Wed Nov 19 2025 09:59:23 GMT+0300 (East Africa Time)', 'Fri Nov 21 2025 15:34:18 GMT+0300 (East Africa Time)', NULL);
INSERT INTO `user` (`id`, `name`, `email`, `password`, `role`, `createdAt`, `updatedAt`, `instructorId`) VALUES ('cmi5ueqft0000b7rw149whi04', 'user1', 'user1@gmail.com', '$2y$10$Cp/W0DXXfJwjkno1bnIQue8eUYMQxSwpz.ftW9DQpO7f.nqpJwBqm', 'INSTRUCTOR', 'Wed Nov 19 2025 10:11:38 GMT+0300 (East Africa Time)', 'Fri Nov 21 2025 15:34:18 GMT+0300 (East Africa Time)', NULL);
INSERT INTO `user` (`id`, `name`, `email`, `password`, `role`, `createdAt`, `updatedAt`, `instructorId`) VALUES ('cmi945x750000ipzgi5b3lot0', 'Its Hitler', 'hitler@gmail.com', '$2b$10$05RN/O5CVUw93pHBE3f2pe1piR7rYm3TZ/mFxrBp86/S/yorymdQ2', 'INSTRUCTOR', 'Fri Nov 21 2025 17:08:02 GMT+0300 (East Africa Time)', 'Fri Nov 21 2025 17:08:02 GMT+0300 (East Africa Time)', NULL);
INSERT INTO `user` (`id`, `name`, `email`, `password`, `role`, `createdAt`, `updatedAt`, `instructorId`) VALUES ('cmi9xeyvq0008ip9o8vup6ixn', 'Bobo', 'bobo@gmail.com', '$2b$10$KKjbXe1.NnDBwV/vRuLIyeC7o4uX7E4Ar/FNJOxZGc9Q2GENHPuoW', 'STUDENT', 'Sat Nov 22 2025 06:46:53 GMT+0300 (East Africa Time)', 'Sat Nov 22 2025 06:46:53 GMT+0300 (East Africa Time)', 'cmi5tyz9p0000b70nj26etvru');
INSERT INTO `user` (`id`, `name`, `email`, `password`, `role`, `createdAt`, `updatedAt`, `instructorId`) VALUES ('cmi9y9uzb0000iplcd2wyvf7d', 'Temp Student', 'temp.student@example.com', '$2b$10$UhgTBDmZouAoHxPWZsMW/.q51t7h8IJb.kyt1WTK0AVI67CZMaO7q', 'STUDENT', 'Sat Nov 22 2025 07:10:54 GMT+0300 (East Africa Time)', 'Sat Nov 22 2025 07:10:54 GMT+0300 (East Africa Time)', NULL);
INSERT INTO `user` (`id`, `name`, `email`, `password`, `role`, `createdAt`, `updatedAt`, `instructorId`) VALUES ('cmic0jt460003ip6wjbjp18gb', 'Adolf', 'adolf@gmail.com', '$2b$10$ipendihO9KNQQiO3q8Rlauk.lYTbRJ35nTtl.T9jRO67U8Qk4Qga.', 'STUDENT', 'Sun Nov 23 2025 17:50:10 GMT+0300 (East Africa Time)', 'Sun Nov 23 2025 17:50:10 GMT+0300 (East Africa Time)', 'cmi945x750000ipzgi5b3lot0');
INSERT INTO `user` (`id`, `name`, `email`, `password`, `role`, `createdAt`, `updatedAt`, `instructorId`) VALUES ('cmieh345d0003ipdcjtrfe8ft', 'david', 'david@gimail.com', '$2b$10$/tiHlXV0fYUaVGEA.9H1Ge6aAgI4y5QHR7LfYKqtaC4mzj.TCPDkW', 'STUDENT', 'Tue Nov 25 2025 11:08:37 GMT+0300 (East Africa Time)', 'Tue Nov 25 2025 11:08:37 GMT+0300 (East Africa Time)', 'cmi5tyz9p0000b70nj26etvru');
INSERT INTO `user` (`id`, `name`, `email`, `password`, `role`, `createdAt`, `updatedAt`, `instructorId`) VALUES ('instructor-1', 'Instructor One', 'instructor1@example.com', 'x', 'INSTRUCTOR', 'Sun Nov 23 2025 21:19:45 GMT+0300 (East Africa Time)', 'Sun Nov 23 2025 21:19:45 GMT+0300 (East Africa Time)', NULL);

